{
  "81190": {"res": "ivan.vidal@alsea.com.mx","cor": "jcerriteno@alsea.com.mx"},
"81125": {"res": "ivan.vidal@alsea.com.mx","cor": "jcerriteno@alsea.com.mx"},
"81148": {"res": "jesus.lerma@alsea.com.mx","cor": "jcerriteno@alsea.com.mx"},
"81121": {"res": "laura.aguilar@alsea.com.mx","cor": "jcerriteno@alsea.com.mx"},
"81215": {"res": "laura.aguilar@alsea.com.mx","cor": "jcerriteno@alsea.com.mx"},
"81124": {"res": "laura.aguilar@alsea.com.mx","cor": "jcerriteno@alsea.com.mx"},
"81230": {"res": "jesus.lerma@alsea.com.mx","cor": "jcerriteno@alsea.com.mx"},
"81253": {"res": "jesus.lerma@alsea.com.mx","cor": "jcerriteno@alsea.com.mx"},
"81193": {"res": "jesus.lerma@alsea.com.mx","cor": "jcerriteno@alsea.com.mx"},
"81195": {"res": "ivan.vidal@alsea.com.mx","cor": "jcerriteno@alsea.com.mx"},
"81123": {"res": "ivan.vidal@alsea.com.mx","cor": "jcerriteno@alsea.com.mx"},
"81122": {"res": "ivan.vidal@alsea.com.mx","cor": "jcerriteno@alsea.com.mx"},
"81024": {"res": "fabricio.cadena@alsea.com.mx","cor": "dvertiz@alsea.com.mx"},
"81043": {"res": "fabricio.cadena@alsea.com.mx","cor": "dvertiz@alsea.com.mx"},
"81067": {"res": "fabricio.cadena@alsea.com.mx","cor": "dvertiz@alsea.com.mx"},
"81085": {"res": "fabricio.cadena@alsea.com.mx","cor": "dvertiz@alsea.com.mx"},
"81096": {"res": "fabricio.cadena@alsea.com.mx","cor": "dvertiz@alsea.com.mx"},
"81107": {"res": "fabricio.cadena@alsea.com.mx","cor": "dvertiz@alsea.com.mx"},
"81130": {"res": "fabricio.cadena@alsea.com.mx","cor": "dvertiz@alsea.com.mx"},
"81131": {"res": "fabricio.cadena@alsea.com.mx","cor": "dvertiz@alsea.com.mx"},
"81142": {"res": "fabricio.cadena@alsea.com.mx","cor": "dvertiz@alsea.com.mx"},
"81155": {"res": "fabricio.cadena@alsea.com.mx","cor": "dvertiz@alsea.com.mx"},
"81166": {"res": "fabricio.cadena@alsea.com.mx","cor": "dvertiz@alsea.com.mx"},
"81184": {"res": "fabricio.cadena@alsea.com.mx","cor": "dvertiz@alsea.com.mx"},
"81042": {"res": "francisco-alejandro.celedon@alsea.com.mx","cor": "lflores@alsea.com.mx"},
"81076": {"res": "francisco-alejandro.celedon@alsea.com.mx","cor": "lflores@alsea.com.mx"},
"81264": {"res": "francisco-alejandro.celedon@alsea.com.mx","cor": "lflores@alsea.com.mx"},
"81009": {"res": "luis.corona@alsea.com.mx","cor": "dvertiz@alsea.com.mx"},
"81010": {"res": "luis.corona@alsea.com.mx","cor": "dvertiz@alsea.com.mx"},
"81035": {"res": "luis.corona@alsea.com.mx","cor": "dvertiz@alsea.com.mx"},
"81037": {"res": "luis.corona@alsea.com.mx","cor": "dvertiz@alsea.com.mx"},
"81057": {"res": "luis.corona@alsea.com.mx","cor": "dvertiz@alsea.com.mx"},
"81162": {"res": "luis.corona@alsea.com.mx","cor": "dvertiz@alsea.com.mx"},
"81179": {"res": "luis.corona@alsea.com.mx","cor": "dvertiz@alsea.com.mx"},
"81236": {"res": "luis.corona@alsea.com.mx","cor": "dvertiz@alsea.com.mx"},
"81263": {"res": "luis.corona@alsea.com.mx","cor": "dvertiz@alsea.com.mx"},
"81079": {"res": "gerardo.deleandro@alsea.com.mx","cor": "dvertiz@alsea.com.mx"},
"81091": {"res": "gerardo.deleandro@alsea.com.mx","cor": "dvertiz@alsea.com.mx"},
"81105": {"res": "gerardo.deleandro@alsea.com.mx","cor": "dvertiz@alsea.com.mx"},
"81126": {"res": "gerardo.deleandro@alsea.com.mx","cor": "dvertiz@alsea.com.mx"},
"81185": {"res": "gerardo.deleandro@alsea.com.mx","cor": "dvertiz@alsea.com.mx"},
"81187": {"res": "gerardo.deleandro@alsea.com.mx","cor": "dvertiz@alsea.com.mx"},
"81201": {"res": "gerardo.deleandro@alsea.com.mx","cor": "dvertiz@alsea.com.mx"},
"81205": {"res": "gerardo.deleandro@alsea.com.mx","cor": "dvertiz@alsea.com.mx"},
"81206": {"res": "gerardo.deleandro@alsea.com.mx","cor": "dvertiz@alsea.com.mx"},
"81235": {"res": "gerardo.deleandro@alsea.com.mx","cor": "dvertiz@alsea.com.mx"},
"81255": {"res": "gerardo.deleandro@alsea.com.mx","cor": "dvertiz@alsea.com.mx"},
"81258": {"res": "gerardo.deleandro@alsea.com.mx","cor": "dvertiz@alsea.com.mx"},
"81260": {"res": "gerardo.deleandro@alsea.com.mx","cor": "dvertiz@alsea.com.mx"},
"81048": {"res": "joel.dominguez@alsea.com.mx","cor": "lflores@alsea.com.mx"},
"81051": {"res": "joel.dominguez@alsea.com.mx","cor": "lflores@alsea.com.mx"},
"81073": {"res": "joel.dominguez@alsea.com.mx","cor": "lflores@alsea.com.mx"},
"81244": {"res": "joel.dominguez@alsea.com.mx","cor": "lflores@alsea.com.mx"},
"81017": {"res": "isaias.gomez@alsea.com.mx","cor": "dvertiz@alsea.com.mx"},
"81020": {"res": "isaias.gomez@alsea.com.mx","cor": "dvertiz@alsea.com.mx"},
"81023": {"res": "isaias.gomez@alsea.com.mx","cor": "dvertiz@alsea.com.mx"},
"81039": {"res": "isaias.gomez@alsea.com.mx","cor": "dvertiz@alsea.com.mx"},
"81068": {"res": "isaias.gomez@alsea.com.mx","cor": "dvertiz@alsea.com.mx"},
"81082": {"res": "isaias.gomez@alsea.com.mx","cor": "dvertiz@alsea.com.mx"},
"81110": {"res": "isaias.gomez@alsea.com.mx","cor": "dvertiz@alsea.com.mx"},
"81022": {"res": "noel.guadarrama@alsea.com.mx","cor": "lflores@alsea.com.mx"},
"81061": {"res": "noel.guadarrama@alsea.com.mx","cor": "lflores@alsea.com.mx"},
"81083": {"res": "noel.guadarrama@alsea.com.mx","cor": "lflores@alsea.com.mx"},
"81137": {"res": "noel.guadarrama@alsea.com.mx","cor": "lflores@alsea.com.mx"},
"81182": {"res": "noel.guadarrama@alsea.com.mx","cor": "lflores@alsea.com.mx"},
"81196": {"res": "noel.guadarrama@alsea.com.mx","cor": "lflores@alsea.com.mx"},
"81250": {"res": "noel.guadarrama@alsea.com.mx","cor": "lflores@alsea.com.mx"},
"81016": {"res": "ricardo.jimenez@alsea.com.mx","cor": "lflores@alsea.com.mx"},
"81058": {"res": "ricardo.jimenez@alsea.com.mx","cor": "lflores@alsea.com.mx"},
"81077": {"res": "ricardo.jimenez@alsea.com.mx","cor": "lflores@alsea.com.mx"},
"81146": {"res": "ricardo.jimenez@alsea.com.mx","cor": "lflores@alsea.com.mx"},
"81207": {"res": "ricardo.jimenez@alsea.com.mx","cor": "lflores@alsea.com.mx"},
"81208": {"res": "ricardo.jimenez@alsea.com.mx","cor": "lflores@alsea.com.mx"},
"81034": {"res": "glucero@alsea.com.mx","cor": "dvertiz@alsea.com.mx"},
"81041": {"res": "glucero@alsea.com.mx","cor": "dvertiz@alsea.com.mx"},
"81046": {"res": "glucero@alsea.com.mx","cor": "dvertiz@alsea.com.mx"},
"81078": {"res": "glucero@alsea.com.mx","cor": "dvertiz@alsea.com.mx"},
"81081": {"res": "glucero@alsea.com.mx","cor": "dvertiz@alsea.com.mx"},
"81103": {"res": "glucero@alsea.com.mx","cor": "dvertiz@alsea.com.mx"},
"81111": {"res": "glucero@alsea.com.mx","cor": "dvertiz@alsea.com.mx"},
"81118": {"res": "glucero@alsea.com.mx","cor": "dvertiz@alsea.com.mx"},
"81176": {"res": "glucero@alsea.com.mx","cor": "dvertiz@alsea.com.mx"},
"81209": {"res": "glucero@alsea.com.mx","cor": "dvertiz@alsea.com.mx"},
"81226": {"res": "glucero@alsea.com.mx","cor": "dvertiz@alsea.com.mx"},
"81234": {"res": "glucero@alsea.com.mx","cor": "dvertiz@alsea.com.mx"},
"81245": {"res": "glucero@alsea.com.mx","cor": "dvertiz@alsea.com.mx"},
"81013": {"res": "victor.martinez@alsea.com.mx","cor": "dvertiz@alsea.com.mx"},
"81028": {"res": "victor.martinez@alsea.com.mx","cor": "dvertiz@alsea.com.mx"},
"81038": {"res": "victor.martinez@alsea.com.mx","cor": "dvertiz@alsea.com.mx"},
"81047": {"res": "victor.martinez@alsea.com.mx","cor": "dvertiz@alsea.com.mx"},
"81053": {"res": "victor.martinez@alsea.com.mx","cor": "dvertiz@alsea.com.mx"},
"81064": {"res": "victor.martinez@alsea.com.mx","cor": "dvertiz@alsea.com.mx"},
"81071": {"res": "victor.martinez@alsea.com.mx","cor": "dvertiz@alsea.com.mx"},
"81115": {"res": "victor.martinez@alsea.com.mx","cor": "dvertiz@alsea.com.mx"},
"81134": {"res": "victor.martinez@alsea.com.mx","cor": "dvertiz@alsea.com.mx"},
"81248": {"res": "victor.martinez@alsea.com.mx","cor": "dvertiz@alsea.com.mx"},
"81014": {"res": "dvertiz@alsea.com.mx","cor": "dvertiz@alsea.com.mx"},
"81025": {"res": "dvertiz@alsea.com.mx","cor": "dvertiz@alsea.com.mx"},
"81062": {"res": "dvertiz@alsea.com.mx","cor": "dvertiz@alsea.com.mx"},
"81084": {"res": "dvertiz@alsea.com.mx","cor": "dvertiz@alsea.com.mx"},
"81086": {"res": "dvertiz@alsea.com.mx","cor": "dvertiz@alsea.com.mx"},
"81087": {"res": "dvertiz@alsea.com.mx","cor": "dvertiz@alsea.com.mx"},
"81141": {"res": "dvertiz@alsea.com.mx","cor": "dvertiz@alsea.com.mx"},
"81156": {"res": "dvertiz@alsea.com.mx","cor": "dvertiz@alsea.com.mx"},
"81160": {"res": "dvertiz@alsea.com.mx","cor": "dvertiz@alsea.com.mx"},
"81163": {"res": "dvertiz@alsea.com.mx","cor": "dvertiz@alsea.com.mx"},
"81177": {"res": "dvertiz@alsea.com.mx","cor": "dvertiz@alsea.com.mx"},
"81202": {"res": "dvertiz@alsea.com.mx","cor": "dvertiz@alsea.com.mx"},
"81203": {"res": "dvertiz@alsea.com.mx","cor": "dvertiz@alsea.com.mx"},
"81247": {"res": "dvertiz@alsea.com.mx","cor": "dvertiz@alsea.com.mx"},
"81254": {"res": "dvertiz@alsea.com.mx","cor": "dvertiz@alsea.com.mx"},
"81004": {"res": "pedro.mendizabal@alsea.com.mx","cor": "lflores@alsea.com.mx"},
"81007": {"res": "pedro.mendizabal@alsea.com.mx","cor": "lflores@alsea.com.mx"},
"81026": {"res": "pedro.mendizabal@alsea.com.mx","cor": "lflores@alsea.com.mx"},
"81027": {"res": "pedro.mendizabal@alsea.com.mx","cor": "lflores@alsea.com.mx"},
"81044": {"res": "pedro.mendizabal@alsea.com.mx","cor": "lflores@alsea.com.mx"},
"81056": {"res": "pedro.mendizabal@alsea.com.mx","cor": "lflores@alsea.com.mx"},
"81135": {"res": "pedro.mendizabal@alsea.com.mx","cor": "lflores@alsea.com.mx"},
"81149": {"res": "pedro.mendizabal@alsea.com.mx","cor": "lflores@alsea.com.mx"},
"81152": {"res": "pedro.mendizabal@alsea.com.mx","cor": "lflores@alsea.com.mx"},
"81168": {"res": "pedro.mendizabal@alsea.com.mx","cor": "lflores@alsea.com.mx"},
"81171": {"res": "pedro.mendizabal@alsea.com.mx","cor": "lflores@alsea.com.mx"},
"81224": {"res": "pedro.mendizabal@alsea.com.mx","cor": "lflores@alsea.com.mx"},
"81032": {"res": "javier.molina@alsea.com.mx","cor": "lflores@alsea.com.mx"},
"81143": {"res": "javier.molina@alsea.com.mx","cor": "lflores@alsea.com.mx"},
"81186": {"res": "javier.molina@alsea.com.mx","cor": "lflores@alsea.com.mx"},
"81001": {"res": "ivan.olvera@alsea.com.mx","cor": "dvertiz@alsea.com.mx"},
"81003": {"res": "ivan.olvera@alsea.com.mx","cor": "dvertiz@alsea.com.mx"},
"81015": {"res": "ivan.olvera@alsea.com.mx","cor": "dvertiz@alsea.com.mx"},
"81019": {"res": "ivan.olvera@alsea.com.mx","cor": "dvertiz@alsea.com.mx"},
"81112": {"res": "ivan.olvera@alsea.com.mx","cor": "dvertiz@alsea.com.mx"},
"81127": {"res": "ivan.olvera@alsea.com.mx","cor": "dvertiz@alsea.com.mx"},
"81128": {"res": "ivan.olvera@alsea.com.mx","cor": "dvertiz@alsea.com.mx"},
"81211": {"res": "ivan.olvera@alsea.com.mx","cor": "dvertiz@alsea.com.mx"},
"81223": {"res": "ivan.olvera@alsea.com.mx","cor": "dvertiz@alsea.com.mx"},
"81006": {"res": "omar.paz@alsea.com.mx","cor": "lflores@alsea.com.mx"},
"81040": {"res": "omar.paz@alsea.com.mx","cor": "lflores@alsea.com.mx"},
"81050": {"res": "omar.paz@alsea.com.mx","cor": "lflores@alsea.com.mx"},
"81052": {"res": "omar.paz@alsea.com.mx","cor": "lflores@alsea.com.mx"},
"81065": {"res": "omar.paz@alsea.com.mx","cor": "lflores@alsea.com.mx"},
"81066": {"res": "omar.paz@alsea.com.mx","cor": "lflores@alsea.com.mx"},
"81089": {"res": "omar.paz@alsea.com.mx","cor": "lflores@alsea.com.mx"},
"81098": {"res": "omar.paz@alsea.com.mx","cor": "lflores@alsea.com.mx"},
"81101": {"res": "omar.paz@alsea.com.mx","cor": "lflores@alsea.com.mx"},
"81145": {"res": "omar.paz@alsea.com.mx","cor": "lflores@alsea.com.mx"},
"81164": {"res": "omar.paz@alsea.com.mx","cor": "lflores@alsea.com.mx"},
"81220": {"res": "omar.paz@alsea.com.mx","cor": "lflores@alsea.com.mx"},
"81227": {"res": "omar.paz@alsea.com.mx","cor": "lflores@alsea.com.mx"},
"81256": {"res": "omar.paz@alsea.com.mx","cor": "lflores@alsea.com.mx"},
"81011": {"res": "miguel.gonzalez@alsea.com.mx","cor": "dvertiz@alsea.com.mx"},
"81012": {"res": "miguel.gonzalez@alsea.com.mx","cor": "dvertiz@alsea.com.mx"},
"81021": {"res": "miguel.gonzalez@alsea.com.mx","cor": "dvertiz@alsea.com.mx"},
"81045": {"res": "miguel.gonzalez@alsea.com.mx","cor": "dvertiz@alsea.com.mx"},
"81080": {"res": "miguel.gonzalez@alsea.com.mx","cor": "dvertiz@alsea.com.mx"},
"81129": {"res": "miguel.gonzalez@alsea.com.mx","cor": "dvertiz@alsea.com.mx"},
"81008": {"res": "juan.ramos@alsea.com.mx","cor": "lflores@alsea.com.mx"},
"81029": {"res": "juan.ramos@alsea.com.mx","cor": "lflores@alsea.com.mx"},
"81031": {"res": "juan.ramos@alsea.com.mx","cor": "lflores@alsea.com.mx"},
"81033": {"res": "juan.ramos@alsea.com.mx","cor": "lflores@alsea.com.mx"},
"81054": {"res": "juan.ramos@alsea.com.mx","cor": "lflores@alsea.com.mx"},
"81070": {"res": "juan.ramos@alsea.com.mx","cor": "lflores@alsea.com.mx"},
"81072": {"res": "juan.ramos@alsea.com.mx","cor": "lflores@alsea.com.mx"},
"81097": {"res": "juan.ramos@alsea.com.mx","cor": "lflores@alsea.com.mx"},
"81100": {"res": "juan.ramos@alsea.com.mx","cor": "lflores@alsea.com.mx"},
"81108": {"res": "juan.ramos@alsea.com.mx","cor": "lflores@alsea.com.mx"},
"81109": {"res": "juan.ramos@alsea.com.mx","cor": "lflores@alsea.com.mx"},
"81165": {"res": "juan.ramos@alsea.com.mx","cor": "lflores@alsea.com.mx"},
"81174, VIPS CADIZ                ": {"res": "juan.ramos@alsea.com.mx","cor": "lflores@alsea.com.mx"},
"81180": {"res": "juan.ramos@alsea.com.mx","cor": "lflores@alsea.com.mx"},
"81183": {"res": "juan.ramos@alsea.com.mx","cor": "lflores@alsea.com.mx"},
"81221": {"res": "juan.ramos@alsea.com.mx","cor": "lflores@alsea.com.mx"},
"81241": {"res": "lsandoval@alsea.com.mx","cor": "lflores@alsea.com.mx"},
"81231": {"res": "cemoreno@alsea.com.mx","cor": "alopez@alsea.com.mx"},
"81228": {"res": "cemoreno@alsea.com.mx","cor": "alopez@alsea.com.mx"},
"81167": {"res": "cemoreno@alsea.com.mx","cor": "alopez@alsea.com.mx"},
"81074": {"res": "cemoreno@alsea.com.mx","cor": "alopez@alsea.com.mx"},
"81147": {"res": "cemoreno@alsea.com.mx","cor": "alopez@alsea.com.mx"},
"81132": {"res": "cemoreno@alsea.com.mx","cor": "alopez@alsea.com.mx"},
"81088": {"res": "cemoreno@alsea.com.mx","cor": "alopez@alsea.com.mx"},
"81036": {"res": "halfaro@alsea.com.mx","cor": "alopez@alsea.com.mx"},
"81063": {"res": "halfaro@alsea.com.mx","cor": "alopez@alsea.com.mx"},
"81198": {"res": "javier.guerrero@alsea.com.mx","cor": "alopez@alsea.com.mx"},
"81217": {"res": "javier.guerrero@alsea.com.mx","cor": "alopez@alsea.com.mx"},
"81169": {"res": "javier.guerrero@alsea.com.mx","cor": "alopez@alsea.com.mx"},
"81225": {"res": "javier.guerrero@alsea.com.mx","cor": "alopez@alsea.com.mx"},
"81140": {"res": "javier.guerrero@alsea.com.mx","cor": "alopez@alsea.com.mx"},
"81113": {"res": "javier.guerrero@alsea.com.mx","cor": "alopez@alsea.com.mx"},
"81219": {"res": "jose.castillo@alsea.com.mx","cor": "alopez@alsea.com.mx"},
"81204": {"res": "jose.castillo@alsea.com.mx","cor": "alopez@alsea.com.mx"},
"81120": {"res": "jose.castillo@alsea.com.mx","cor": "alopez@alsea.com.mx"},
"81049": {"res": "jose.castillo@alsea.com.mx","cor": "alopez@alsea.com.mx"},
"81069": {"res": "jose.castillo@alsea.com.mx","cor": "alopez@alsea.com.mx"},
"81178": {"res": "jose-guadalupe.bravo@alsea.com.mx","cor": "alopez@alsea.com.mx"},
"81189": {"res": "jose-guadalupe.bravo@alsea.com.mx","cor": "alopez@alsea.com.mx"},
"81262": {"res": "marco-alonso.yanez@alsea.com.mx","cor": "alopez@alsea.com.mx"},
"81095": {"res": "marco-alonso.yanez@alsea.com.mx","cor": "alopez@alsea.com.mx"},
"81059": {"res": "marco-alonso.yanez@alsea.com.mx","cor": "alopez@alsea.com.mx"},
"81030": {"res": "marco-alonso.yanez@alsea.com.mx","cor": "alopez@alsea.com.mx"},
"81199": {"res": "orodriguez@alsea.com.mx","cor": "alopez@alsea.com.mx"},
"81214": {"res": "orodriguez@alsea.com.mx","cor": "alopez@alsea.com.mx"},
"81170": {"res": "orodriguez@alsea.com.mx","cor": "alopez@alsea.com.mx"},
"81175": {"res": "orodriguez@alsea.com.mx","cor": "alopez@alsea.com.mx"},
"81060": {"res": "alejandro.guerreroh@alsea.com.mx","cor": "alopez@alsea.com.mx"},
"81161": {"res": "sgarciac@alsea.com.mx","cor": "alopez@alsea.com.mx"},
"81055": {"res": "sgarciac@alsea.com.mx","cor": "alopez@alsea.com.mx"},
"81119": {"res": "sgarciac@alsea.com.mx","cor": "alopez@alsea.com.mx"},
"81104": {"res": "sgarciac@alsea.com.mx","cor": "alopez@alsea.com.mx"},
"81093": {"res": "jibarra@alsea.com.mx","cor": "aperez2@alsea.com.mx"},
"81094": {"res": "jibarra@alsea.com.mx","cor": "aperez2@alsea.com.mx"},
"81099": {"res": "adrian.mata@alsea.com.mx","cor": "aperez2@alsea.com.mx"},
"81102": {"res": "luis-felipe.gil@alsea.com.mx","cor": "aperez2@alsea.com.mx"},
"81106": {"res": "guillermo.garcia@alsea.com.mx","cor": "aperez2@alsea.com.mx"},
"81114": {"res": "guillermo.garcia@alsea.com.mx","cor": "aperez2@alsea.com.mx"},
"81116": {"res": "jose-gregorio.garza@alsea.com.mx","cor": "aperez2@alsea.com.mx"},
"81117": {"res": "jose-gregorio.garza@alsea.com.mx","cor": "aperez2@alsea.com.mx"},
"81153": {"res": "adrian.mata@alsea.com.mx","cor": "aperez2@alsea.com.mx"},
"81154": {"res": "adrian.mata@alsea.com.mx","cor": "aperez2@alsea.com.mx"},
"81157": {"res": "jose-gregorio.garza@alsea.com.mx","cor": "aperez2@alsea.com.mx"},
"81173": {"res": "luis-felipe.gil@alsea.com.mx","cor": "aperez2@alsea.com.mx"},
"81191": {"res": "jose-gregorio.garza@alsea.com.mx","cor": "aperez2@alsea.com.mx"},
"81216": {"res": "guillermo.garcia@alsea.com.mx","cor": "aperez2@alsea.com.mx"},
"81222": {"res": "guillermo.garcia@alsea.com.mx","cor": "aperez2@alsea.com.mx"},
"81259": {"res": "luis-felipe.gil@alsea.com.mx","cor": "aperez2@alsea.com.mx"},
"81261": {"res": "jibarra@alsea.com.mx","cor": "aperez2@alsea.com.mx"},
"81265": {"res": "jose-gregorio.garza@alsea.com.mx","cor": "aperez2@alsea.com.mx"},
"81090": {"res": "jcabrerac@alsea.com.mx","cor": "ncanto@alsea.com.mx"},
"81136": {"res": "jcabrerac@alsea.com.mx","cor": "ncanto@alsea.com.mx"},
"81138": {"res": "fernando.coral@alsea.com.mx","cor": "ncanto@alsea.com.mx"},
"81139": {"res": "fernando.coral@alsea.com.mx","cor": "ncanto@alsea.com.mx"},
"81144": {"res": "josue.batun@alsea.com.mx","cor": "ncanto@alsea.com.mx"},
"81150": {"res": "fernando.coral@alsea.com.mx","cor": "ncanto@alsea.com.mx"},
"81158": {"res": "josue.batun@alsea.com.mx","cor": "ncanto@alsea.com.mx"},
"81159": {"res": "fernando.coral@alsea.com.mx","cor": "ncanto@alsea.com.mx"},
"81172": {"res": "mhernandezs@alsea.com.mx","cor": "ncanto@alsea.com.mx"},
"81181": {"res": "fernando.coral@alsea.com.mx","cor": "ncanto@alsea.com.mx"},
"81188": {"res": "josue.batun@alsea.com.mx","cor": "ncanto@alsea.com.mx"},
"81192": {"res": "fernando.coral@alsea.com.mx","cor": "ncanto@alsea.com.mx"},
"81197": {"res": "jperezg@alsea.com.mx","cor": "ncanto@alsea.com.mx"},
"81200": {"res": "fernando.coral@alsea.com.mx","cor": "ncanto@alsea.com.mx"},
"81210": {"res": "mhernandezs@alsea.com.mx","cor": "ncanto@alsea.com.mx"},
"81213": {"res": "fernando.coral@alsea.com.mx","cor": "ncanto@alsea.com.mx"},
"81218": {"res": "jperezg@alsea.com.mx","cor": "ncanto@alsea.com.mx"},
"81229": {"res": "fernando.coral@alsea.com.mx","cor": "ncanto@alsea.com.mx"},
"81238": {"res": "mhernandezs@alsea.com.mx","cor": "ncanto@alsea.com.mx"},
"81240": {"res": "fernando.coral@alsea.com.mx","cor": "ncanto@alsea.com.mx"},
"81243": {"res": "fernando.coral@alsea.com.mx","cor": "ncanto@alsea.com.mx"},
"81249": {"res": "josue.batun@alsea.com.mx","cor": "ncanto@alsea.com.mx"},
"81251": {"res": "fernando.coral@alsea.com.mx","cor": "ncanto@alsea.com.mx"},
"81252": {"res": "jperezg@alsea.com.mx","cor": "ncanto@alsea.com.mx"},
"81257": {"res": "mhernandezs@alsea.com.mx","cor": "ncanto@alsea.com.mx"}
}